nombrefoto,urlfoto,categoria
IMG_6729_reduced,https://franguerrero.github.io/ferialora/fotos/2022/IMG_6729_reduced.jpg,/categoriafotos/n4xFopL2mtd5rnhrCNp2
IMG_6706_reduced,https://franguerrero.github.io/ferialora/fotos/2022/IMG_6706_reduced.jpg,/categoriafotos/n4xFopL2mtd5rnhrCNp2
IMG_6722_reduced,https://franguerrero.github.io/ferialora/fotos/2022/IMG_6722_reduced.jpg,/categoriafotos/n4xFopL2mtd5rnhrCNp2
IMG_6695_reduced,https://franguerrero.github.io/ferialora/fotos/2022/IMG_6695_reduced.jpg,/categoriafotos/n4xFopL2mtd5rnhrCNp2
IMG_6703_reduced,https://franguerrero.github.io/ferialora/fotos/2022/IMG_6703_reduced.jpg,/categoriafotos/n4xFopL2mtd5rnhrCNp2
IMG_6717_reduced,https://franguerrero.github.io/ferialora/fotos/2022/IMG_6717_reduced.jpg,/categoriafotos/n4xFopL2mtd5rnhrCNp2
IMG_6832_reduced,https://franguerrero.github.io/ferialora/fotos/2022/IMG_6832_reduced.jpg,/categoriafotos/n4xFopL2mtd5rnhrCNp2
IMG_6719_reduced,https://franguerrero.github.io/ferialora/fotos/2022/IMG_6719_reduced.jpg,/categoriafotos/n4xFopL2mtd5rnhrCNp2
IMG_6707_reduced,https://franguerrero.github.io/ferialora/fotos/2022/IMG_6707_reduced.jpg,/categoriafotos/n4xFopL2mtd5rnhrCNp2
IMG_6766_reduced,https://franguerrero.github.io/ferialora/fotos/2022/IMG_6766_reduced.jpg,/categoriafotos/n4xFopL2mtd5rnhrCNp2
IMG_6696_reduced,https://franguerrero.github.io/ferialora/fotos/2022/IMG_6696_reduced.jpg,/categoriafotos/n4xFopL2mtd5rnhrCNp2
IMG_6767_reduced,https://franguerrero.github.io/ferialora/fotos/2022/IMG_6767_reduced.jpg,/categoriafotos/n4xFopL2mtd5rnhrCNp2
portada2022_reduced,https://franguerrero.github.io/ferialora/fotos/2022/portada2022_reduced.jpg,/categoriafotos/n4xFopL2mtd5rnhrCNp2
caseta2022_reduced,https://franguerrero.github.io/ferialora/fotos/2022/caseta2022_reduced.jpg,/categoriafotos/n4xFopL2mtd5rnhrCNp2
IMG_6700_reduced,https://franguerrero.github.io/ferialora/fotos/2022/IMG_6700_reduced.jpg,/categoriafotos/n4xFopL2mtd5rnhrCNp2
portadanoche2022_reduced,https://franguerrero.github.io/ferialora/fotos/2022/portadanoche2022_reduced.jpg,/categoriafotos/n4xFopL2mtd5rnhrCNp2
Cerveza_reduced,https://franguerrero.github.io/ferialora/fotos/2022/Cerveza_reduced.jpg,/categoriafotos/n4xFopL2mtd5rnhrCNp2
DSC_0251,https://franguerrero.github.io/ferialora/fotos/2022/DSC_0251_reduced.jpg,/categoriafotos/n4xFopL2mtd5rnhrCNp2
DSC_0015_1,https://franguerrero.github.io/ferialora/fotos/2022/DSC_0015_1_reduced.jpg,/categoriafotos/n4xFopL2mtd5rnhrCNp2
IMG_20190529_222907,https://franguerrero.github.io/ferialora/fotos/2022/IMG_20190529_222907_reduced.jpg,/categoriafotos/n4xFopL2mtd5rnhrCNp2
IMG_20190530_031624-1,https://franguerrero.github.io/ferialora/fotos/2022/IMG_20190530_031624-1_reduced.jpg,/categoriafotos/n4xFopL2mtd5rnhrCNp2
IMG_20190530_015852,https://franguerrero.github.io/ferialora/fotos/2022/IMG_20190530_015852_reduced.jpg,/categoriafotos/n4xFopL2mtd5rnhrCNp2
IMG_20190602_023358,https://franguerrero.github.io/ferialora/fotos/2022/IMG_20190602_023358_reduced.jpg,/categoriafotos/n4xFopL2mtd5rnhrCNp2
FB_IMG_1590615309804,https://franguerrero.github.io/ferialora/fotos/2022/FB_IMG_1590615309804.jpg,/categoriafotos/n4xFopL2mtd5rnhrCNp2
IMG_20220522_133115,https://franguerrero.github.io/ferialora/fotos/2022/IMG_20220522_133115_reduced.jpg,/categoriafotos/n4xFopL2mtd5rnhrCNp2
IMG_20220526_023022,https://franguerrero.github.io/ferialora/fotos/2022/IMG_20220526_023022_reduced.jpg,/categoriafotos/n4xFopL2mtd5rnhrCNp2
IMG_20220526_015927,https://franguerrero.github.io/ferialora/fotos/2022/IMG_20220526_015927_reduced.jpg,/categoriafotos/n4xFopL2mtd5rnhrCNp2
20220814_142208,https://franguerrero.github.io/ferialora/fotos/2022/20220814_142208_reduced.jpg,/categoriafotos/n4xFopL2mtd5rnhrCNp2
IMG_20220527_163520,https://franguerrero.github.io/ferialora/fotos/2022/IMG_20220527_163520_reduced.jpg,/categoriafotos/n4xFopL2mtd5rnhrCNp2
juanjo2,https://franguerrero.github.io/ferialora/fotos/2022/juanjo2_reduced.jpg,/categoriafotos/n4xFopL2mtd5rnhrCNp2
juanjo1,https://franguerrero.github.io/ferialora/fotos/2022/juanjo1_reduced.jpg,/categoriafotos/n4xFopL2mtd5rnhrCNp2
juanjo3,https://franguerrero.github.io/ferialora/fotos/2022/juanjo3_reduced.jpg,/categoriafotos/n4xFopL2mtd5rnhrCNp2
28052009072_reduced,https://franguerrero.github.io/ferialora/fotos/2009/28052009072_reduced.jpg,/categoriafotos/tvxNG8TQUmRzAUZLFYyz
24052009065_reduced,https://franguerrero.github.io/ferialora/fotos/2009/24052009065_reduced.jpg,/categoriafotos/tvxNG8TQUmRzAUZLFYyz
19052009054_reduced,https://franguerrero.github.io/ferialora/fotos/2009/19052009054_reduced.jpg,/categoriafotos/tvxNG8TQUmRzAUZLFYyz
28052009092_reduced,https://franguerrero.github.io/ferialora/fotos/2009/28052009092_reduced.jpg,/categoriafotos/tvxNG8TQUmRzAUZLFYyz
28052009099_reduced,https://franguerrero.github.io/ferialora/fotos/2009/28052009099_reduced.jpg,/categoriafotos/tvxNG8TQUmRzAUZLFYyz
28052009081_reduced,https://franguerrero.github.io/ferialora/fotos/2009/28052009081_reduced.jpg,/categoriafotos/tvxNG8TQUmRzAUZLFYyz
24052009058_reduced,https://franguerrero.github.io/ferialora/fotos/2009/24052009058_reduced.jpg,/categoriafotos/tvxNG8TQUmRzAUZLFYyz
24052009063_reduced,https://franguerrero.github.io/ferialora/fotos/2009/24052009063_reduced.jpg,/categoriafotos/tvxNG8TQUmRzAUZLFYyz
28052009095_reduced,https://franguerrero.github.io/ferialora/fotos/2009/28052009095_reduced.jpg,/categoriafotos/tvxNG8TQUmRzAUZLFYyz
24052009062_reduced,https://franguerrero.github.io/ferialora/fotos/2009/24052009062_reduced.jpg,/categoriafotos/tvxNG8TQUmRzAUZLFYyz
28052009083_reduced,https://franguerrero.github.io/ferialora/fotos/2009/28052009083_reduced.jpg,/categoriafotos/tvxNG8TQUmRzAUZLFYyz
28052009090_reduced,https://franguerrero.github.io/ferialora/fotos/2009/28052009090_reduced.jpg,/categoriafotos/tvxNG8TQUmRzAUZLFYyz
28052009074_reduced,https://franguerrero.github.io/ferialora/fotos/2009/28052009074_reduced.jpg,/categoriafotos/tvxNG8TQUmRzAUZLFYyz
28052009075_reduced,https://franguerrero.github.io/ferialora/fotos/2009/28052009075_reduced.jpg,/categoriafotos/tvxNG8TQUmRzAUZLFYyz
28052009093_reduced,https://franguerrero.github.io/ferialora/fotos/2009/28052009093_reduced.jpg,/categoriafotos/tvxNG8TQUmRzAUZLFYyz
24052009067_reduced,https://franguerrero.github.io/ferialora/fotos/2009/24052009067_reduced.jpg,/categoriafotos/tvxNG8TQUmRzAUZLFYyz
28052009091_reduced,https://franguerrero.github.io/ferialora/fotos/2009/28052009091_reduced.jpg,/categoriafotos/tvxNG8TQUmRzAUZLFYyz
24052009059_reduced,https://franguerrero.github.io/ferialora/fotos/2009/24052009059_reduced.jpg,/categoriafotos/tvxNG8TQUmRzAUZLFYyz
24052009064_reduced,https://franguerrero.github.io/ferialora/fotos/2009/24052009064_reduced.jpg,/categoriafotos/tvxNG8TQUmRzAUZLFYyz
28052009084_reduced,https://franguerrero.github.io/ferialora/fotos/2009/28052009084_reduced.jpg,/categoriafotos/tvxNG8TQUmRzAUZLFYyz
28052009086_reduced,https://franguerrero.github.io/ferialora/fotos/2009/28052009086_reduced.jpg,/categoriafotos/tvxNG8TQUmRzAUZLFYyz
28052009076_reduced,https://franguerrero.github.io/ferialora/fotos/2009/28052009076_reduced.jpg,/categoriafotos/tvxNG8TQUmRzAUZLFYyz
28052009087_reduced,https://franguerrero.github.io/ferialora/fotos/2009/28052009087_reduced.jpg,/categoriafotos/tvxNG8TQUmRzAUZLFYyz
27052009071_reduced,https://franguerrero.github.io/ferialora/fotos/2009/27052009071_reduced.jpg,/categoriafotos/tvxNG8TQUmRzAUZLFYyz
24052009069_reduced,https://franguerrero.github.io/ferialora/fotos/2009/24052009069_reduced.jpg,/categoriafotos/tvxNG8TQUmRzAUZLFYyz
28052009082_reduced,https://franguerrero.github.io/ferialora/fotos/2009/28052009082_reduced.jpg,/categoriafotos/tvxNG8TQUmRzAUZLFYyz
19052009052_reduced,https://franguerrero.github.io/ferialora/fotos/2009/19052009052_reduced.jpg,/categoriafotos/tvxNG8TQUmRzAUZLFYyz
19052009053_reduced,https://franguerrero.github.io/ferialora/fotos/2009/19052009053_reduced.jpg,/categoriafotos/tvxNG8TQUmRzAUZLFYyz
24052009066_reduced,https://franguerrero.github.io/ferialora/fotos/2009/24052009066_reduced.jpg,/categoriafotos/tvxNG8TQUmRzAUZLFYyz
28052009085_reduced,https://franguerrero.github.io/ferialora/fotos/2009/28052009085_reduced.jpg,/categoriafotos/tvxNG8TQUmRzAUZLFYyz
28052009079_reduced,https://franguerrero.github.io/ferialora/fotos/2009/28052009079_reduced.jpg,/categoriafotos/tvxNG8TQUmRzAUZLFYyz
24052009061_reduced,https://franguerrero.github.io/ferialora/fotos/2009/24052009061_reduced.jpg,/categoriafotos/tvxNG8TQUmRzAUZLFYyz
28052009100_reduced,https://franguerrero.github.io/ferialora/fotos/2009/28052009100_reduced.jpg,/categoriafotos/tvxNG8TQUmRzAUZLFYyz
28052009097_reduced,https://franguerrero.github.io/ferialora/fotos/2009/28052009097_reduced.jpg,/categoriafotos/tvxNG8TQUmRzAUZLFYyz
24052009068_reduced,https://franguerrero.github.io/ferialora/fotos/2009/24052009068_reduced.jpg,/categoriafotos/tvxNG8TQUmRzAUZLFYyz
28052009080_reduced,https://franguerrero.github.io/ferialora/fotos/2009/28052009080_reduced.jpg,/categoriafotos/tvxNG8TQUmRzAUZLFYyz
28052009096_reduced,https://franguerrero.github.io/ferialora/fotos/2009/28052009096_reduced.jpg,/categoriafotos/tvxNG8TQUmRzAUZLFYyz
28052009078_reduced,https://franguerrero.github.io/ferialora/fotos/2009/28052009078_reduced.jpg,/categoriafotos/tvxNG8TQUmRzAUZLFYyz
28052009088_reduced,https://franguerrero.github.io/ferialora/fotos/2009/28052009088_reduced.jpg,/categoriafotos/tvxNG8TQUmRzAUZLFYyz
28052009094_reduced,https://franguerrero.github.io/ferialora/fotos/2009/28052009094_reduced.jpg,/categoriafotos/tvxNG8TQUmRzAUZLFYyz
28052009077_reduced,https://franguerrero.github.io/ferialora/fotos/2009/28052009077_reduced.jpg,/categoriafotos/tvxNG8TQUmRzAUZLFYyz
28052009098_reduced,https://franguerrero.github.io/ferialora/fotos/2009/28052009098_reduced.jpg,/categoriafotos/tvxNG8TQUmRzAUZLFYyz
28052009101_reduced,https://franguerrero.github.io/ferialora/fotos/2009/28052009101_reduced.jpg,/categoriafotos/tvxNG8TQUmRzAUZLFYyz
28052009073_reduced,https://franguerrero.github.io/ferialora/fotos/2009/28052009073_reduced.jpg,/categoriafotos/tvxNG8TQUmRzAUZLFYyz
24052009060_reduced,https://franguerrero.github.io/ferialora/fotos/2009/24052009060_reduced.jpg,/categoriafotos/tvxNG8TQUmRzAUZLFYyz
28052009089_reduced,https://franguerrero.github.io/ferialora/fotos/2009/28052009089_reduced.jpg,/categoriafotos/tvxNG8TQUmRzAUZLFYyz
28052010681,https://franguerrero.github.io/ferialora/fotos/2010/28052010681_reduced.jpg,/categoriafotos/mmsbIQFGqQDJoxf6EJl2
28052010667,https://franguerrero.github.io/ferialora/fotos/2010/28052010667_reduced.jpg,/categoriafotos/mmsbIQFGqQDJoxf6EJl2
26052010636,https://franguerrero.github.io/ferialora/fotos/2010/26052010636_reduced.jpg,/categoriafotos/mmsbIQFGqQDJoxf6EJl2
28052010674,https://franguerrero.github.io/ferialora/fotos/2010/28052010674_reduced.jpg,/categoriafotos/mmsbIQFGqQDJoxf6EJl2
26052010635,https://franguerrero.github.io/ferialora/fotos/2010/26052010635_reduced.jpg,/categoriafotos/mmsbIQFGqQDJoxf6EJl2
28052010679,https://franguerrero.github.io/ferialora/fotos/2010/28052010679_reduced.jpg,/categoriafotos/mmsbIQFGqQDJoxf6EJl2
28052010677,https://franguerrero.github.io/ferialora/fotos/2010/28052010677_reduced.jpg,/categoriafotos/mmsbIQFGqQDJoxf6EJl2
28052010666,https://franguerrero.github.io/ferialora/fotos/2010/28052010666_reduced.jpg,/categoriafotos/mmsbIQFGqQDJoxf6EJl2
28052010665,https://franguerrero.github.io/ferialora/fotos/2010/28052010665_reduced.jpg,/categoriafotos/mmsbIQFGqQDJoxf6EJl2
28052010673,https://franguerrero.github.io/ferialora/fotos/2010/28052010673_reduced.jpg,/categoriafotos/mmsbIQFGqQDJoxf6EJl2
28052010680,https://franguerrero.github.io/ferialora/fotos/2010/28052010680_reduced.jpg,/categoriafotos/mmsbIQFGqQDJoxf6EJl2
28052010676,https://franguerrero.github.io/ferialora/fotos/2010/28052010676_reduced.jpg,/categoriafotos/mmsbIQFGqQDJoxf6EJl2
28052010670,https://franguerrero.github.io/ferialora/fotos/2010/28052010670_reduced.jpg,/categoriafotos/mmsbIQFGqQDJoxf6EJl2
28052010678,https://franguerrero.github.io/ferialora/fotos/2010/28052010678_reduced.jpg,/categoriafotos/mmsbIQFGqQDJoxf6EJl2
28052010671,https://franguerrero.github.io/ferialora/fotos/2010/28052010671_reduced.jpg,/categoriafotos/mmsbIQFGqQDJoxf6EJl2
28052010669,https://franguerrero.github.io/ferialora/fotos/2010/28052010669_reduced.jpg,/categoriafotos/mmsbIQFGqQDJoxf6EJl2
28052010675,https://franguerrero.github.io/ferialora/fotos/2010/28052010675_reduced.jpg,/categoriafotos/mmsbIQFGqQDJoxf6EJl2
26052010640,https://franguerrero.github.io/ferialora/fotos/2010/26052010640_reduced.jpg,/categoriafotos/mmsbIQFGqQDJoxf6EJl2
27052010658,https://franguerrero.github.io/ferialora/fotos/2010/27052010658_reduced.jpg,/categoriafotos/mmsbIQFGqQDJoxf6EJl2
27052010656,https://franguerrero.github.io/ferialora/fotos/2010/27052010656_reduced.jpg,/categoriafotos/mmsbIQFGqQDJoxf6EJl2
21052010609,https://franguerrero.github.io/ferialora/fotos/2010/21052010609_reduced.jpg,/categoriafotos/mmsbIQFGqQDJoxf6EJl2
27052010645,https://franguerrero.github.io/ferialora/fotos/2010/27052010645_reduced.jpg,/categoriafotos/mmsbIQFGqQDJoxf6EJl2
21052010608,https://franguerrero.github.io/ferialora/fotos/2010/21052010608_reduced.jpg,/categoriafotos/mmsbIQFGqQDJoxf6EJl2
27052010647,https://franguerrero.github.io/ferialora/fotos/2010/27052010647_reduced.jpg,/categoriafotos/mmsbIQFGqQDJoxf6EJl2
27052010649,https://franguerrero.github.io/ferialora/fotos/2010/27052010649_reduced.jpg,/categoriafotos/mmsbIQFGqQDJoxf6EJl2
27052010659,https://franguerrero.github.io/ferialora/fotos/2010/27052010659_reduced.jpg,/categoriafotos/mmsbIQFGqQDJoxf6EJl2
21052010610,https://franguerrero.github.io/ferialora/fotos/2010/21052010610_reduced.jpg,/categoriafotos/mmsbIQFGqQDJoxf6EJl2
26052010639,https://franguerrero.github.io/ferialora/fotos/2010/26052010639_reduced.jpg,/categoriafotos/mmsbIQFGqQDJoxf6EJl2
27052010653,https://franguerrero.github.io/ferialora/fotos/2010/27052010653_reduced.jpg,/categoriafotos/mmsbIQFGqQDJoxf6EJl2
26052010641,https://franguerrero.github.io/ferialora/fotos/2010/26052010641_reduced.jpg,/categoriafotos/mmsbIQFGqQDJoxf6EJl2
27052010660,https://franguerrero.github.io/ferialora/fotos/2010/27052010660_reduced.jpg,/categoriafotos/mmsbIQFGqQDJoxf6EJl2
27052010652,https://franguerrero.github.io/ferialora/fotos/2010/27052010652_reduced.jpg,/categoriafotos/mmsbIQFGqQDJoxf6EJl2
27052010651,https://franguerrero.github.io/ferialora/fotos/2010/27052010651_reduced.jpg,/categoriafotos/mmsbIQFGqQDJoxf6EJl2
27052010643,https://franguerrero.github.io/ferialora/fotos/2010/27052010643_reduced.jpg,/categoriafotos/mmsbIQFGqQDJoxf6EJl2
27052010644,https://franguerrero.github.io/ferialora/fotos/2010/27052010644_reduced.jpg,/categoriafotos/mmsbIQFGqQDJoxf6EJl2
26052010637,https://franguerrero.github.io/ferialora/fotos/2010/26052010637_reduced.jpg,/categoriafotos/mmsbIQFGqQDJoxf6EJl2
27052010661,https://franguerrero.github.io/ferialora/fotos/2010/27052010661_reduced.jpg,/categoriafotos/mmsbIQFGqQDJoxf6EJl2
27052010655,https://franguerrero.github.io/ferialora/fotos/2010/27052010655_reduced.jpg,/categoriafotos/mmsbIQFGqQDJoxf6EJl2
21052010607,https://franguerrero.github.io/ferialora/fotos/2010/21052010607_reduced.jpg,/categoriafotos/mmsbIQFGqQDJoxf6EJl2
26052010638,https://franguerrero.github.io/ferialora/fotos/2010/26052010638_reduced.jpg,/categoriafotos/mmsbIQFGqQDJoxf6EJl2
27052010654,https://franguerrero.github.io/ferialora/fotos/2010/27052010654_reduced.jpg,/categoriafotos/mmsbIQFGqQDJoxf6EJl2
27052010646,https://franguerrero.github.io/ferialora/fotos/2010/27052010646_reduced.jpg,/categoriafotos/mmsbIQFGqQDJoxf6EJl2
27052010648,https://franguerrero.github.io/ferialora/fotos/2010/27052010648_reduced.jpg,/categoriafotos/mmsbIQFGqQDJoxf6EJl2
27052010650,https://franguerrero.github.io/ferialora/fotos/2010/27052010650_reduced.jpg,/categoriafotos/mmsbIQFGqQDJoxf6EJl2
23052010622,https://franguerrero.github.io/ferialora/fotos/2010/23052010622_reduced.jpg,/categoriafotos/mmsbIQFGqQDJoxf6EJl2
21052010612,https://franguerrero.github.io/ferialora/fotos/2010/21052010612_reduced.jpg,/categoriafotos/mmsbIQFGqQDJoxf6EJl2
21052010611,https://franguerrero.github.io/ferialora/fotos/2010/21052010611_reduced.jpg,/categoriafotos/mmsbIQFGqQDJoxf6EJl2
22052010615,https://franguerrero.github.io/ferialora/fotos/2010/22052010615_reduced.jpg,/categoriafotos/mmsbIQFGqQDJoxf6EJl2
23052010631,https://franguerrero.github.io/ferialora/fotos/2010/23052010631_reduced.jpg,/categoriafotos/mmsbIQFGqQDJoxf6EJl2
22052010620,https://franguerrero.github.io/ferialora/fotos/2010/22052010620_reduced.jpg,/categoriafotos/mmsbIQFGqQDJoxf6EJl2
22052010618,https://franguerrero.github.io/ferialora/fotos/2010/22052010618_reduced.jpg,/categoriafotos/mmsbIQFGqQDJoxf6EJl2
22052010617,https://franguerrero.github.io/ferialora/fotos/2010/22052010617_reduced.jpg,/categoriafotos/mmsbIQFGqQDJoxf6EJl2
23052010629,https://franguerrero.github.io/ferialora/fotos/2010/23052010629_reduced.jpg,/categoriafotos/mmsbIQFGqQDJoxf6EJl2
23052010627,https://franguerrero.github.io/ferialora/fotos/2010/23052010627_reduced.jpg,/categoriafotos/mmsbIQFGqQDJoxf6EJl2
23052010623,https://franguerrero.github.io/ferialora/fotos/2010/23052010623_reduced.jpg,/categoriafotos/mmsbIQFGqQDJoxf6EJl2
23052010630,https://franguerrero.github.io/ferialora/fotos/2010/23052010630_reduced.jpg,/categoriafotos/mmsbIQFGqQDJoxf6EJl2
22052010619,https://franguerrero.github.io/ferialora/fotos/2010/22052010619_reduced.jpg,/categoriafotos/mmsbIQFGqQDJoxf6EJl2
22052010616,https://franguerrero.github.io/ferialora/fotos/2010/22052010616_reduced.jpg,/categoriafotos/mmsbIQFGqQDJoxf6EJl2
23052010632,https://franguerrero.github.io/ferialora/fotos/2010/23052010632_reduced.jpg,/categoriafotos/mmsbIQFGqQDJoxf6EJl2
23052010628,https://franguerrero.github.io/ferialora/fotos/2010/23052010628_reduced.jpg,/categoriafotos/mmsbIQFGqQDJoxf6EJl2
22052010613,https://franguerrero.github.io/ferialora/fotos/2010/22052010613_reduced.jpg,/categoriafotos/mmsbIQFGqQDJoxf6EJl2
23052010626,https://franguerrero.github.io/ferialora/fotos/2010/23052010626_reduced.jpg,/categoriafotos/mmsbIQFGqQDJoxf6EJl2
22052010621,https://franguerrero.github.io/ferialora/fotos/2010/22052010621_reduced.jpg,/categoriafotos/mmsbIQFGqQDJoxf6EJl2
23052010624,https://franguerrero.github.io/ferialora/fotos/2010/23052010624_reduced.jpg,/categoriafotos/mmsbIQFGqQDJoxf6EJl2
23052010625,https://franguerrero.github.io/ferialora/fotos/2010/23052010625_reduced.jpg,/categoriafotos/mmsbIQFGqQDJoxf6EJl2
22052010614,https://franguerrero.github.io/ferialora/fotos/2010/22052010614_reduced.jpg,/categoriafotos/mmsbIQFGqQDJoxf6EJl2
montaje1,https://franguerrero.github.io/ferialora/fotos/2023/montaje1_reduced.jpg,/categoriafotos/SCo2QQpKaH0CqpJhfgCE
montaje2,https://franguerrero.github.io/ferialora/fotos/2023/montaje2_reduced.jpg,/categoriafotos/SCo2QQpKaH0CqpJhfgCE
9C4CF354-91AC-4BBF-BE64-3B69C609293E,https://franguerrero.github.io/ferialora/fotos/2023/9C4CF354-91AC-4BBF-BE64-3B69C609293E_reduced.jpg,/categoriafotos/SCo2QQpKaH0CqpJhfgCE
559195BE-46D0-4CA6-8597-37334F758D24,https://franguerrero.github.io/ferialora/fotos/2023/559195BE-46D0-4CA6-8597-37334F758D24_reduced.jpg,/categoriafotos/SCo2QQpKaH0CqpJhfgCE
23004F3E-7962-4071-B684-A14DDE93403D,https://franguerrero.github.io/ferialora/fotos/2023/23004F3E-7962-4071-B684-A14DDE93403D_reduced.jpg,/categoriafotos/SCo2QQpKaH0CqpJhfgCE
IMG_9656,https://franguerrero.github.io/ferialora/fotos/2023/IMG_9656_reduced.jpg,/categoriafotos/SCo2QQpKaH0CqpJhfgCE
IMG_9665,https://franguerrero.github.io/ferialora/fotos/2023/IMG_9665_reduced.jpg,/categoriafotos/SCo2QQpKaH0CqpJhfgCE
IMG_9655,https://franguerrero.github.io/ferialora/fotos/2023/IMG_9655_reduced.jpg,/categoriafotos/SCo2QQpKaH0CqpJhfgCE
IMG_9662,https://franguerrero.github.io/ferialora/fotos/2023/IMG_9662_reduced.jpg,/categoriafotos/SCo2QQpKaH0CqpJhfgCE
IMG_9664,https://franguerrero.github.io/ferialora/fotos/2023/IMG_9664_reduced.jpg,/categoriafotos/SCo2QQpKaH0CqpJhfgCE
IMG_9650,https://franguerrero.github.io/ferialora/fotos/2023/IMG_9650_reduced.jpg,/categoriafotos/SCo2QQpKaH0CqpJhfgCE
IMG_9670,https://franguerrero.github.io/ferialora/fotos/2023/IMG_9670_reduced.jpg,/categoriafotos/SCo2QQpKaH0CqpJhfgCE
IMG_9657,https://franguerrero.github.io/ferialora/fotos/2023/IMG_9657_reduced.jpg,/categoriafotos/SCo2QQpKaH0CqpJhfgCE
IMG_9659,https://franguerrero.github.io/ferialora/fotos/2023/IMG_9659_reduced.jpg,/categoriafotos/SCo2QQpKaH0CqpJhfgCE
IMG_9668,https://franguerrero.github.io/ferialora/fotos/2023/IMG_9668_reduced.jpg,/categoriafotos/SCo2QQpKaH0CqpJhfgCE
IMG_9653,https://franguerrero.github.io/ferialora/fotos/2023/IMG_9653_reduced.jpg,/categoriafotos/SCo2QQpKaH0CqpJhfgCE
IMG_9658,https://franguerrero.github.io/ferialora/fotos/2023/IMG_9658_reduced.jpg,/categoriafotos/SCo2QQpKaH0CqpJhfgCE
IMG_9654,https://franguerrero.github.io/ferialora/fotos/2023/IMG_9654_reduced.jpg,/categoriafotos/SCo2QQpKaH0CqpJhfgCE
IMG_9666,https://franguerrero.github.io/ferialora/fotos/2023/IMG_9666_reduced.jpg,/categoriafotos/SCo2QQpKaH0CqpJhfgCE
IMG_9669,https://franguerrero.github.io/ferialora/fotos/2023/IMG_9669_reduced.jpg,/categoriafotos/SCo2QQpKaH0CqpJhfgCE
IMG_9663,https://franguerrero.github.io/ferialora/fotos/2023/IMG_9663_reduced.jpg,/categoriafotos/SCo2QQpKaH0CqpJhfgCE
IMG_9651,https://franguerrero.github.io/ferialora/fotos/2023/IMG_9651_reduced.jpg,/categoriafotos/SCo2QQpKaH0CqpJhfgCE
revista2021_reduced,https://franguerrero.github.io/ferialora/fotos/revistas/revista2021_reduced.jpg,/categoriafotos/eK9khffr8KriKAAbmyWq
revista2017_reduced,https://franguerrero.github.io/ferialora/fotos/revistas/revista2017_reduced.jpg,/categoriafotos/eK9khffr8KriKAAbmyWq
revista2019_reduced,https://franguerrero.github.io/ferialora/fotos/revistas/revista2019_reduced.jpg,/categoriafotos/eK9khffr8KriKAAbmyWq
revista2018_reduced,https://franguerrero.github.io/ferialora/fotos/revistas/revista2018_reduced.jpg,/categoriafotos/eK9khffr8KriKAAbmyWq
revista2001_reduced,https://franguerrero.github.io/ferialora/fotos/revistas/revista2001_reduced.jpg,/categoriafotos/eK9khffr8KriKAAbmyWq
revista2004_reduced,https://franguerrero.github.io/ferialora/fotos/revistas/revista2004_reduced.jpg,/categoriafotos/eK9khffr8KriKAAbmyWq
revista2006_reduced,https://franguerrero.github.io/ferialora/fotos/revistas/revista2006_reduced.jpg,/categoriafotos/eK9khffr8KriKAAbmyWq
revista2005_reduced,https://franguerrero.github.io/ferialora/fotos/revistas/revista2005_reduced.jpg,/categoriafotos/eK9khffr8KriKAAbmyWq
revista2015_reduced,https://franguerrero.github.io/ferialora/fotos/revistas/revista2015_reduced.jpg,/categoriafotos/eK9khffr8KriKAAbmyWq
revista2014_reduced,https://franguerrero.github.io/ferialora/fotos/revistas/revista2014_reduced.jpg,/categoriafotos/eK9khffr8KriKAAbmyWq
revista2008_reduced,https://franguerrero.github.io/ferialora/fotos/revistas/revista2008_reduced.jpg,/categoriafotos/eK9khffr8KriKAAbmyWq
revista2010_reduced,https://franguerrero.github.io/ferialora/fotos/revistas/revista2010_reduced.jpg,/categoriafotos/eK9khffr8KriKAAbmyWq
revista2020_reduced,https://franguerrero.github.io/ferialora/fotos/revistas/revista2020_reduced.jpg,/categoriafotos/eK9khffr8KriKAAbmyWq
revista2013_reduced,https://franguerrero.github.io/ferialora/fotos/revistas/revista2013_reduced.jpg,/categoriafotos/eK9khffr8KriKAAbmyWq
revista2009_reduced,https://franguerrero.github.io/ferialora/fotos/revistas/revista2009_reduced.jpg,/categoriafotos/eK9khffr8KriKAAbmyWq
revista2012_reduced,https://franguerrero.github.io/ferialora/fotos/revistas/revista2012_reduced.jpg,/categoriafotos/eK9khffr8KriKAAbmyWq
revista2000_reduced,https://franguerrero.github.io/ferialora/fotos/revistas/revista2000_reduced.jpg,/categoriafotos/eK9khffr8KriKAAbmyWq
revista2022_reduced,https://franguerrero.github.io/ferialora/fotos/revistas/revista2022_reduced.jpg,/categoriafotos/eK9khffr8KriKAAbmyWq
revista2003_reduced,https://franguerrero.github.io/ferialora/fotos/revistas/revista2003_reduced.jpg,/categoriafotos/eK9khffr8KriKAAbmyWq
revista2011_reduced,https://franguerrero.github.io/ferialora/fotos/revistas/revista2011_reduced.jpg,/categoriafotos/eK9khffr8KriKAAbmyWq
revista2016_reduced,https://franguerrero.github.io/ferialora/fotos/revistas/revista2016_reduced.jpg,/categoriafotos/eK9khffr8KriKAAbmyWq
revista2007_reduced,https://franguerrero.github.io/ferialora/fotos/revistas/revista2007_reduced.jpg,/categoriafotos/eK9khffr8KriKAAbmyWq
revista2002_reduced,https://franguerrero.github.io/ferialora/fotos/revistas/revista2002_reduced.jpg,/categoriafotos/eK9khffr8KriKAAbmyWq
